[
{"name": null, "price": null, "rating": null},
{"name": "atomberg Renesa 1200mm BLDC Motor 5 Star Rated Sleek Ceiling Fans with Remote | Upto 65% Energy Saving | 2+1 Year Warranty (Midnight Black) | Winner of National Energy Conservation Awards (2022)", "price": "₹3,680", "rating": null},
{"name": "Crompton SUREBREEZE SEA SAPPHIRA 1200 mm (48 inch) Ceiling Fan (Lustre Brown) Star rated energy efficient fans", "price": "₹1,399", "rating": null},
{"name": "Polycab Charisma Plus 1200 mm High Speed 1 Star Rated 52 Watt Ceiling Fan with Corrosion Resistant G-Tech Blades and 2 years warranty (Luster Brown)", "price": "₹1,299", "rating": null},
{"name": null, "price": null, "rating": null},
{"name": "Bajaj Frore 1200 mm (48\") Star Rated Ceiling Fans for Home |BEE Star Rated Energy Efficient Ceiling Fan |Rust Free Coating for Long Life |High Air Delivery |2-Yr Warranty White", "price": "₹1,399", "rating": null},
{"name": "Atomberg Renesa 400mm Pedestal Swing Fan | Silent BLDC Fan with LED Display and 6 Speed | Remote Control with Timer & Sleep Control | 1+1 Year Warranty (White)", "price": "₹4,240", "rating": null},
{"name": "Bajaj Pygmy Mini Fan 110mm | USB Charging Fan | Multi-Clip Function | Rechargeable Fan| Battery Fan| 4-Hr Back-up| Silent Operation| Longer Battery Life| Energy Efficient| Portable Fan| Blue Table Fan", "price": "₹1,085", "rating": null},
{"name": "Orient Electric Apex-FX Ceiling Fan | 1200mm BEE Star Rated Ceiling Fan | Strong and Powerful Ceiling Fan | Outstanding Performance | Warranty (2 years) | (SMOKE BROWN)", "price": "₹1,514", "rating": null},
{"name": "ACTIVA 390 RPM 1200mm High Speed BEE Approved 5 Star Rated Apsra Ceiling Fan Brown-2 Years Warranty", "price": "₹999", "rating": null},
{"name": "Aparna Swift 600 mm (24 inch) High-Speed Ceiling Fan (White)", "price": "₹999", "rating": null},
{"name": null, "price": null, "rating": null},
{"name": "atomberg Renesa 900mm BLDC Motor 5 Star Rated Sleek Ceiling Fans with Remote Control | Upto 65% Energy Saving, High Air Delivery and LED Indicators | 2+1 Year Warranty (White and Black)", "price": "₹3,680", "rating": null},
{"name": "Candes Brio Turbo 600 mm / 24 Inch High Speed 4 Blade Anti-Dust Ceiling Fan Suitable for Kitchen/Veranda/Balcony/Small Room (Pack of 1,Smoke Brown)", "price": "₹1,069", "rating": null},
{"name": "Aparna Smart 1200 mm (48 inch) High-Speed Ceiling Fan (Metallic Blue)", "price": "₹1,199", "rating": null},
{"name": "Luminous Vento Deluxe 150 mm Exhaust Fan For Kitchen, Bathroom with Strong Air Suction, Rust Proof Body and Dust Protection Shutters (White)", "price": "₹999", "rating": null},
{"name": "Crompton Energion Hyperjet 1200mm BLDC Ceiling Fan with Remote Control | High Air Delivery | Energy Saving |Opal White", "price": "₹2,650", "rating": null},
{"name": "Bajaj Pygmy 178mm | USB Charging Fan | LED Light | 1900 RPM High Speed Table Fan | Silent Operation | Rechargeable Fan | Charging Fans for Home | White Portable Fan", "price": "₹1,611", "rating": null},
{"name": "atomberg Efficio Alpha 1200mm BLDC Motor 5 Star Rated Classic Ceiling Fans with Remote Control | High Air Delivery Fan with LED Indicators | Upto 65% Energy Saving | 1+1 Year Warranty (Black)", "price": "₹2,799", "rating": null},
{"name": null, "price": null, "rating": null},
{"name": null, "price": null, "rating": null},
{"name": null, "price": null, "rating": null}
]